Time(s),Voltage(V)
0,-0.51171875
2E-05,-0.5070312499999999
4E-05,-0.5140625
6.000000000000001E-05,-0.5054687499999999
8E-05,-0.51171875
0.0001,-0.50859375
0.00012000000000000002,-0.5148437499999999
0.00014000000000000001,-0.50703125
0.00016,-0.5125
0.00018,-0.5101562500000001
0.0002,-0.50703125
0.00022,-0.5125000000000001
0.00024000000000000003,-0.5109375
0.00026000000000000003,-0.5125000000000001
0.00028000000000000003,-0.51484375
0.00030000000000000003,-0.50546875
0.00032,-0.50703125
0.00034,-0.5171874999999999
0.00036,-0.51328125
0.00038,-0.51171875
0.0004,-0.50859375
0.00042,-0.51484375
0.00044,-0.5125
0.00046,-0.5125
0.00048000000000000007,-0.5156249999999999
0.0005,-0.5078125
0.0005200000000000001,-0.51171875
0.00054,-0.5140625
0.0005600000000000001,-0.509375
0.00058,-0.5171875
0.0006000000000000001,-0.5132812499999999
0.00062,-0.5125000000000001
0.00064,-0.5109375
0.0006600000000000001,-0.5171875
0.00068,-0.50625
0.0007000000000000001,-0.521875
0.00072,-0.5125
0.0007400000000000001,-0.51484375
0.00076,-0.5078125
0.0007800000000000001,-0.5203125000000001
0.0008,-0.50703125
0.0008200000000000001,-0.52265625
0.00084,-0.5078125
0.0008600000000000001,-0.52265625
0.00088,-0.5109375
0.0009000000000000001,-0.51796875
0.00092,-0.50625
0.0009400000000000001,-0.525
0.0009600000000000001,-0.50703125
0.0009800000000000002,-0.52265625
0.001,-0.5062500000000001
0.00102,-0.52265625
0.0010400000000000001,-0.50859375
0.0010600000000000002,-0.52265625
0.00108,-0.50625
0.0011,-0.525
0.0011200000000000001,-0.50546875
0.0011400000000000002,-0.525
0.00116,-0.50625
0.00118,-0.525
0.0012000000000000001,-0.50625
0.0012200000000000002,-0.525
0.00124,-0.5085937500000001
0.00126,-0.5226562499999999
0.00128,-0.5109375
0.0013000000000000002,-0.5203125
0.0013200000000000002,-0.50625
0.00134,-0.525
0.00136,-0.5078125
0.0013800000000000002,-0.5226562499999999
0.0014000000000000002,-0.50625
0.00142,-0.525
0.00144,-0.5085937500000001
0.0014600000000000001,-0.5226562499999999
0.0014800000000000002,-0.50625
0.0015,-0.525
0.00152,-0.5085937500000001
0.0015400000000000001,-0.5226562499999999
0.0015600000000000002,-0.50625
0.00158,-0.525
0.0016,-0.50625
0.0016200000000000001,-0.525
0.0016400000000000002,-0.5085937500000001
0.0016600000000000002,-0.5226562499999999
0.00168,-0.50859375
0.0017000000000000001,-0.52265625
0.0017200000000000002,-0.5109375
0.0017400000000000002,-0.5203125
0.00176,-0.50625
0.0017800000000000001,-0.525
0.0018000000000000002,-0.50625
0.0018200000000000002,-0.525
0.00184,-0.5109375
0.00186,-0.5203125
0.0018800000000000002,-0.5109374999999999
0.0019000000000000002,-0.5203125000000001
0.0019200000000000003,-0.51328125
0.00194,-0.51796875
0.0019600000000000004,-0.51328125
0.00198,-0.51796875
0.002,-0.5109375
0.00202,-0.5203125
0.00204,-0.5085937500000001
0.00206,-0.5226562499999999
0.0020800000000000003,-0.5109375
0.0021000000000000003,-0.5203125
0.0021200000000000004,-0.5109374999999999
0.00214,-0.5203125000000001
0.00216,-0.5109375
0.00218,-0.5203125
0.0022,-0.51328125
0.00222,-0.51796875
0.0022400000000000002,-0.51328125
0.0022600000000000003,-0.51796875
0.0022800000000000003,-0.5203125
0.0023000000000000004,-0.5109375
0.00232,-0.515625
0.00234,-0.515625
0.00236,-0.5085937500000001
0.00238,-0.5226562499999999
0.0024000000000000002,-0.515625
0.0024200000000000003,-0.515625
0.0024400000000000003,-0.5109375
0.0024600000000000004,-0.5203125
0.00248,-0.5085937500000001
0.0025,-0.5226562499999999
0.00252,-0.5109374999999999
0.00254,-0.5203125000000001
0.00256,-0.51328125
0.0025800000000000003,-0.51796875
0.0026000000000000003,-0.5109375
0.0026200000000000004,-0.5203125
0.0026400000000000004,-0.515625
0.00266,-0.515625
0.00268,-0.5085937500000001
0.0027,-0.5226562499999999
0.00272,-0.5203125
0.0027400000000000002,-0.5109375
0.0027600000000000003,-0.515625
0.0027800000000000004,-0.515625
0.0028000000000000004,-0.5203125
0.00282,-0.5109375
0.00284,-0.50859375
0.00286,-0.52265625
0.00288,-0.515625
0.0029000000000000002,-0.515625
0.0029200000000000003,-0.5109375
0.0029400000000000003,-0.5203125
0.0029600000000000004,-0.515625
0.0029800000000000004,-0.515625
0.003,-0.5109375
0.00302,-0.5203125
0.00304,-0.5179687500000001
0.0030600000000000002,-0.5132812499999999
0.0030800000000000003,-0.5085937500000001
0.0031000000000000003,-0.5226562499999999
0.0031200000000000004,-0.5109375
0.0031400000000000004,-0.5203125
0.00316,-0.51328125
0.00318,-0.51796875
0.0032,-0.51328125
0.00322,-0.51796875
0.0032400000000000003,-0.515625
0.0032600000000000003,-0.515625
0.0032800000000000004,-0.51796875
0.0033000000000000004,-0.51328125
0.0033200000000000005,-0.5109375
0.00334,-0.5203125
0.00336,-0.51328125
0.00338,-0.51796875
0.0034000000000000002,-0.51328125
0.0034200000000000003,-0.51796875
0.0034400000000000003,-0.5109375
0.0034600000000000004,-0.5203125
0.0034800000000000005,-0.51328125
0.0035,-0.51796875
0.00352,-0.5085937500000001
0.00354,-0.5226562499999999
0.0035600000000000002,-0.5109375
0.0035800000000000003,-0.5203125
0.0036000000000000003,-0.5132812499999999
0.0036200000000000004,-0.5179687500000001
0.0036400000000000004,-0.50859375
0.0036600000000000005,-0.52265625
0.00368,-0.5109375
0.0037,-0.5203125
0.00372,-0.5085937500000001
0.0037400000000000003,-0.5226562499999999
0.0037600000000000003,-0.50625
0.0037800000000000004,-0.525
0.0038000000000000004,-0.50625
0.0038200000000000005,-0.525
0.0038400000000000005,-0.50859375
0.00386,-0.52265625
0.00388,-0.5085937500000001
0.0039000000000000003,-0.5226562499999999
0.003920000000000001,-0.5085937500000001
0.00394,-0.5226562499999999
0.00396,-0.50859375
0.00398,-0.52265625
0.004,-0.525
0.00402,0.521875
0.00404,0.49218749999999994
0.00406,0.50625
0.00408,0.4906249999999999
0.0041,0.5125000000000001
0.00412,0.49296874999999996
0.0041400000000000005,0.5125000000000001
0.0041600000000000005,0.49374999999999997
0.0041800000000000006,0.5125000000000001
0.004200000000000001,0.49218749999999994
0.004220000000000001,0.5125000000000001
0.004240000000000001,0.49374999999999997
0.004260000000000001,0.5125000000000001
0.00428,0.49374999999999997
0.0043,0.5125000000000001
0.00432,0.49218749999999994
0.00434,0.5125000000000001
0.00436,0.49374999999999997
0.00438,0.5125000000000001
0.0044,0.49609375
0.00442,0.5101562500000001
0.00444,0.49609375
0.00446,0.5101562500000001
0.0044800000000000005,0.4953125
0.0045000000000000005,0.51015625
0.004520000000000001,0.4984375
0.004540000000000001,0.5078125000000001
0.004560000000000001,0.49843750000000003
0.004580000000000001,0.5078125
0.004600000000000001,0.4984375
0.00462,0.5078125
0.00464,0.4984375
0.00466,0.5078125
0.00468,0.49609374999999994
0.0047,0.51015625
0.00472,0.49609375
0.00474,0.51015625
0.00476,0.503125
0.00478,0.5031249999999999
0.0048000000000000004,0.5054687499999999
0.0048200000000000005,0.50078125
0.0048400000000000006,0.5054687499999999
0.004860000000000001,0.50078125
0.004880000000000001,0.50078125
0.004900000000000001,0.50546875
0.004920000000000001,0.50546875
0.004940000000000001,0.5007812500000001
0.00496,0.5078125
0.00498,0.49843750000000003
0.005,0.5078125
0.00502,0.4984374999999999
0.00504,0.50546875
0.00506,0.50078125
0.00508,0.50546875
0.0051,0.50078125
0.00512,0.503125
0.0051400000000000005,0.503125
0.0051600000000000005,0.51015625
0.005180000000000001,0.49609374999999994
0.005200000000000001,0.5101562500000001
0.005220000000000001,0.49609374999999994
0.005240000000000001,0.51015625
0.005260000000000001,0.49609374999999994
0.005280000000000001,0.5125000000000001
0.0053,0.49374999999999997
0.00532,0.5125000000000001
0.00534,0.49374999999999997
0.00536,0.5101562500000001
0.00538,0.49609374999999994
0.0054,0.50546875
0.00542,0.5023437500000001
0.00544,0.5101562500000001
0.0054600000000000004,0.49609375
0.0054800000000000005,0.51015625
0.0055000000000000005,0.49609374999999994
0.005520000000000001,0.5078125000000001
0.005540000000000001,0.5
0.005560000000000001,0.5125000000000001
0.005580000000000001,0.49374999999999997
0.005600000000000001,0.5125000000000001
0.005620000000000001,0.49374999999999997
0.00564,0.5125000000000001
0.00566,0.49374999999999997
0.00568,0.5109375
0.0057,0.49687499999999996
0.00572,0.5078125
0.00574,0.49921874999999993
0.00576,0.5101562500000001
0.00578,0.49687499999999996
0.0058000000000000005,0.5125000000000001
0.0058200000000000005,0.49374999999999997
0.005840000000000001,0.5078125
0.005860000000000001,0.5
0.005880000000000001,0.5078125000000001
0.005900000000000001,0.49999999999999994
0.005920000000000001,0.5109375
0.005940000000000001,0.496875
0.005960000000000001,0.5125000000000001
0.00598,0.49374999999999997
0.006,0.5085937500000001
0.00602,0.49999999999999994
0.00604,0.5109375
0.00606,0.49687499999999996
0.00608,0.51015625
0.0061,0.49921874999999993
0.0061200000000000004,0.5062499999999999
0.0061400000000000005,0.503125
0.0061600000000000005,0.5109375
0.006180000000000001,0.49609375
0.006200000000000001,0.5125000000000001
0.006220000000000001,0.49687499999999996
0.006240000000000001,0.5015625
0.006260000000000001,0.509375
0.006280000000000001,0.5007812500000001
0.006300000000000001,0.509375
0.00632,0.50390625
0.00634,0.50625
0.00636,0.5007812500000001
0.00638,0.5085937500000001
0.0064,0.5046875000000001
0.00642,0.50625
0.00644,0.5078125
0.0064600000000000005,0.5031249999999999
0.0064800000000000005,0.5085937500000001
0.006500000000000001,0.5031249999999999
0.006520000000000001,0.4984374999999999
0.006540000000000001,0.5125000000000001
0.006560000000000001,0.5
0.006580000000000001,0.5125
0.006600000000000001,0.5046875000000001
0.006620000000000001,0.50625
0.006640000000000001,0.50703125
0.00666,0.5031249999999999
0.00668,0.50234375
0.0067,0.509375
0.00672,0.50234375
0.00674,0.509375
0.00676,0.49921875
0.0067800000000000004,0.5125000000000001
0.0068000000000000005,0.50234375
0.0068200000000000005,0.509375
0.006840000000000001,0.50390625
0.006860000000000001,0.509375
0.006880000000000001,0.50625
0.006900000000000001,0.50625
0.006920000000000001,0.5015625
0.006940000000000001,0.509375
0.006960000000000001,0.50625
0.006980000000000001,0.50625
0.007,0.503125
0.00702,0.5093749999999999
0.00704,0.50546875
0.00706,0.509375
0.00708,0.49765624999999997
0.0071,0.51484375
0.0071200000000000005,0.5046875000000001
0.0071400000000000005,0.50625
0.0071600000000000006,0.5062500000000001
0.007180000000000001,0.50625
0.007200000000000001,0.50078125
0.007220000000000001,0.5117187500000001
0.007240000000000001,0.49453125
0.007260000000000001,0.5187499999999999
0.007280000000000001,0.50703125
0.007300000000000001,0.5062500000000001
0.007320000000000001,0.5070312499999999
0.00734,0.50625
0.00736,0.4953125
0.00738,0.5187499999999999
0.0074,0.49687499999999996
0.00742,0.51484375
0.00744,0.49921875
0.0074600000000000005,0.515625
0.0074800000000000005,0.49765625
0.007500000000000001,0.515625
0.007520000000000001,0.50234375
0.007540000000000001,0.5125
0.007560000000000001,0.50234375
0.007580000000000001,0.5125000000000001
0.007600000000000001,0.5046875000000001
0.007620000000000001,0.509375
0.007640000000000001,0.4984375
0.007660000000000001,0.5156249999999999
0.007680000000000001,0.49687499999999996
0.0077,0.5187499999999999
0.00772,0.5
0.00774,0.515625
0.00776,0.49921875
0.0077800000000000005,0.515625
0.0078000000000000005,0.49921875
0.00782,0.515625
0.007840000000000001,0.5046875000000001
0.00786,0.5093749999999999
0.00788,0.5015625
0.0079,0.5125000000000001
0.00792,0.503125
0.007940000000000001,0.5117187500000001
0.00796,0.49453125
0.007980000000000001,0.5187499999999999
0.008,0.49765624999999997
0.008020000000000001,0.515625
0.00804,0.5
0.008060000000000001,0.515625
0.00808,0.5
0.008100000000000001,0.515625
0.00812,0.49609375
0.008140000000000001,0.5187499999999999
0.00816,0.5015625
0.008180000000000002,0.5125000000000001
0.0082,0.5015625
0.00822,0.5125
0.00824,0.5007812500000001
0.00826,0.5125000000000001
0.008280000000000001,0.50546875
0.0083,0.509375
0.008320000000000001,0.49531249999999993
0.00834,0.5187499999999999
0.008360000000000001,0.5
0.00838,0.51484375
0.008400000000000001,0.5085937500000001
0.00842,0.503125
0.008440000000000001,0.49765624999999997
0.00846,0.515625
0.008480000000000001,0.4984374999999999
0.0085,0.515625
0.008520000000000002,0.50390625
0.00854,0.509375
0.00856,0.50234375
0.00858,0.509375
0.0086,0.5015625
0.008620000000000001,0.51171875
0.00864,0.49765625
0.008660000000000001,0.515625
0.00868,0.5015625
0.008700000000000001,0.5125
0.00872,0.49609375
0.008740000000000001,0.51484375
0.00876,0.5031249999999999
0.008780000000000001,0.509375
0.0088,0.5023437500000001
0.008820000000000001,0.509375
0.00884,0.5085937500000001
0.008860000000000002,0.503125
0.00888,0.49921874999999993
0.0089,0.5125
0.00892,0.50703125
0.00894,0.50625
0.008960000000000001,0.50234375
0.00898,0.509375
0.009000000000000001,0.51796875
0.00902,-0.52734375
0.009040000000000001,-0.50234375
0.00906,-0.51640625
0.009080000000000001,-0.509375
0.0091,-0.509375
0.009120000000000001,-0.5140625
0.00914,-0.5046875
0.009160000000000001,-0.5187499999999999
0.00918,-0.5
0.009200000000000002,-0.5187499999999999
0.00922,-0.5
0.00924,-0.5187499999999999
0.009260000000000001,-0.5
0.00928,-0.51640625
0.009300000000000001,-0.50234375
0.00932,-0.5187499999999999
0.009340000000000001,-0.5
0.00936,-0.5187499999999999
0.009380000000000001,-0.5
0.0094,-0.5187499999999999
0.009420000000000001,-0.5
0.00944,-0.5187499999999999
0.009460000000000001,-0.5
0.00948,-0.5187499999999999
0.009500000000000001,-0.5
0.00952,-0.5187499999999999
0.009540000000000002,-0.5
0.00956,-0.5187499999999999
0.00958,-0.5
0.009600000000000001,-0.5187499999999999
0.00962,-0.5
0.009640000000000001,-0.5187499999999999
0.00966,-0.5
0.009680000000000001,-0.51640625
0.0097,-0.50234375
0.009720000000000001,-0.51640625
0.00974,-0.50234375
0.009760000000000001,-0.5187499999999999
0.00978,-0.5
0.009800000000000001,-0.51640625
0.00982,-0.50234375
0.009840000000000002,-0.51640625
0.00986,-0.50234375
0.009880000000000002,-0.5093749999999999
0.0099,-0.509375
0.00992,-0.5140625
0.009940000000000001,-0.5046875
0.00996,-0.5140625
0.009980000000000001,-0.5046875
0.01,-0.5125
0.010020000000000001,-0.5070312499999999
0.01004,-0.5140625
0.010060000000000001,-0.5054687499999999
0.01008,-0.5140625
0.010100000000000001,-0.5054687499999999
0.01012,-0.51171875
0.010140000000000001,-0.50859375
0.01016,-0.51640625
0.010180000000000002,-0.50234375
0.0102,-0.5148437499999999
0.010220000000000002,-0.5046875
0.01024,-0.515625
0.01026,-0.50625
0.010280000000000001,-0.51171875
0.0103,-0.509375
0.010320000000000001,-0.5125
0.01034,-0.5085937500000001
0.010360000000000001,-0.5125
0.01038,-0.51015625
0.010400000000000001,-0.5078125
0.01042,-0.5140625
0.010440000000000001,-0.51171875
0.01046,-0.5125
0.010480000000000001,-0.50859375
0.0105,-0.51796875
0.010520000000000002,-0.5109374999999999
0.01054,-0.51484375
0.010560000000000002,-0.5078125
0.01058,-0.51796875
0.0106,-0.50625
0.010620000000000001,-0.521875
0.01064,-0.5085937500000001
0.010660000000000001,-0.5203125
0.01068,-0.5109375
0.010700000000000001,-0.5171874999999999
0.01072,-0.5078125
0.010740000000000001,-0.5203125
0.01076,-0.50625
0.010780000000000001,-0.5226562499999999
0.0108,-0.503125
0.010820000000000001,-0.525
0.01084,-0.5046875000000001
0.010860000000000002,-0.525
0.01088,-0.50546875
0.010900000000000002,-0.525
0.010920000000000001,-0.5078125
0.01094,-0.52265625
0.010960000000000001,-0.50546875
0.01098,-0.525
0.011000000000000001,-0.50546875
0.01102,-0.525
0.011040000000000001,-0.50625
0.01106,-0.525
0.011080000000000001,-0.50546875
0.0111,-0.525
0.011120000000000001,-0.50546875
0.01114,-0.525
0.011160000000000002,-0.50625
0.01118,-0.525
0.011200000000000002,-0.50625
0.01122,-0.525
0.011240000000000002,-0.50546875
0.011260000000000001,-0.525
0.01128,-0.50625
0.011300000000000001,-0.525
0.01132,-0.50625
0.011340000000000001,-0.525
0.01136,-0.50625
0.011380000000000001,-0.525
0.0114,-0.50859375
0.011420000000000001,-0.52265625
0.01144,-0.50625
0.011460000000000001,-0.525
0.01148,-0.50859375
0.011500000000000002,-0.52265625
0.01152,-0.50625
0.011540000000000002,-0.525
0.01156,-0.50625
0.011580000000000002,-0.525
0.011600000000000001,-0.5085937500000001
0.01162,-0.5226562499999999
0.011640000000000001,-0.5085937500000001
0.01166,-0.5226562499999999
0.011680000000000001,-0.5085937500000001
0.0117,-0.5226562499999999
0.011720000000000001,-0.50625
0.01174,-0.525
0.011760000000000001,-0.50625
0.01178,-0.525
0.011800000000000001,-0.50859375
0.01182,-0.52265625
0.011840000000000002,-0.5109375
0.01186,-0.5203125
0.011880000000000002,-0.5085937500000001
0.0119,-0.5226562499999999
0.011920000000000002,-0.5085937500000001
0.011940000000000001,-0.5226562499999999
0.01196,-0.5109374999999999
0.011980000000000001,-0.5203125000000001
0.012,-0.5109375
0.012020000000000001,-0.5203125
0.01204,-0.5085937500000001
0.012060000000000001,-0.5226562499999999
0.01208,-0.51328125
0.012100000000000001,-0.51796875
0.01212,-0.5109374999999999
0.012140000000000001,-0.5203125000000001
0.01216,-0.5109375
0.012180000000000002,-0.5203125
0.0122,-0.5109375
0.012220000000000002,-0.5203125
0.012240000000000001,-0.51328125
0.012260000000000002,-0.51796875
0.012280000000000001,-0.515625
0.0123,-0.515625
0.012320000000000001,-0.50625
0.01234,-0.525
0.012360000000000001,-0.515625
0.01238,-0.515625
0.012400000000000001,-0.5085937500000001
0.01242,-0.5226562499999999
0.012440000000000001,-0.51328125
0.01246,-0.51796875
0.012480000000000002,-0.5179687500000001
0.0125,-0.5132812499999999
0.012520000000000002,-0.51328125
0.01254,-0.51796875
0.012560000000000002,-0.51328125
0.012580000000000001,-0.51796875
0.012600000000000002,-0.515625
0.012620000000000001,-0.515625
0.01264,-0.51796875
0.012660000000000001,-0.51328125
0.01268,-0.51328125
0.012700000000000001,-0.51796875
0.01272,-0.50859375
0.012740000000000001,-0.52265625
0.01276,-0.51328125
0.012780000000000001,-0.51796875
0.0128,-0.515625
0.012820000000000002,-0.515625
0.01284,-0.515625
0.012860000000000002,-0.515625
0.01288,-0.51328125
0.012900000000000002,-0.51796875
0.012920000000000001,-0.5085937500000001
0.012940000000000002,-0.5226562499999999
0.012960000000000001,-0.5109375
0.01298,-0.5203125
0.013000000000000001,-0.51796875
0.01302,-0.51328125
0.013040000000000001,-0.5109374999999999
0.01306,-0.5203125000000001
0.013080000000000001,-0.51328125
0.0131,-0.51796875
0.013120000000000001,-0.5109375
0.01314,-0.5203125
0.013160000000000002,-0.5109374999999999
0.01318,-0.5203125000000001
0.013200000000000002,-0.51328125
0.01322,-0.51796875
0.013240000000000002,-0.51796875
0.013260000000000001,-0.51328125
0.013280000000000002,-0.51328125
0.013300000000000001,-0.51796875
0.01332,-0.5109375
0.013340000000000001,-0.5203125
0.01336,-0.515625
0.013380000000000001,-0.515625
0.0134,-0.515625
0.013420000000000001,-0.515625
0.01344,-0.5109375
0.013460000000000001,-0.5203125
0.01348,-0.51796875
0.013500000000000002,-0.51328125
0.01352,-0.5085937500000001
0.013540000000000002,-0.5226562499999999
0.013560000000000001,-0.51328125
0.013580000000000002,-0.51796875
0.013600000000000001,-0.51328125
0.013620000000000002,-0.51796875
0.013640000000000001,-0.5109375
0.01366,-0.5203125
0.013680000000000001,-0.5085937500000001
0.0137,-0.5226562499999999
0.013720000000000001,-0.5109375
0.01374,-0.5203125
0.013760000000000001,-0.50859375
0.01378,-0.52265625
0.013800000000000002,-0.515625
0.01382,-0.515625
0.013840000000000002,-0.5109375
0.01386,-0.5203125
0.013880000000000002,-0.50859375
0.013900000000000001,-0.52265625
0.013920000000000002,-0.50859375
0.013940000000000001,-0.52265625
0.013960000000000002,-0.5085937500000001
0.013980000000000001,-0.5226562499999999
0.014,-0.525
0.014020000000000001,0.52109375
0.01404,0.49296875
0.014060000000000001,0.50625
0.01408,0.49140624999999993
0.014100000000000001,0.509375
0.01412,0.4945312499999999
0.014140000000000002,0.509375
0.01416,0.4992187499999999
0.014180000000000002,0.5031249999999999
0.0142,0.49218749999999994
0.014220000000000002,0.5125000000000001
0.014240000000000001,0.49296874999999996
0.014260000000000002,0.5125000000000001
0.014280000000000001,0.49296874999999996
0.014300000000000002,0.5125000000000001
0.014320000000000001,0.49609375
0.01434,0.509375
0.014360000000000001,0.49531249999999993
0.01438,0.509375
0.014400000000000001,0.49374999999999997
0.01442,0.5125000000000001
0.014440000000000001,0.49374999999999997
0.01446,0.5125000000000001
0.014480000000000002,0.49374999999999997
0.0145,0.5125000000000001
0.014520000000000002,0.4984375
0.01454,0.5078125
0.014560000000000002,0.49374999999999997
0.014580000000000001,0.5125000000000001
0.014600000000000002,0.49374999999999997
0.014620000000000001,0.5125000000000001
0.014640000000000002,0.49296874999999996
0.014660000000000001,0.5125000000000001
0.01468,0.4984375
0.014700000000000001,0.5078125
0.01472,0.49609375
0.014740000000000001,0.5101562500000001
0.01476,0.5007812500000001
0.014780000000000001,0.50546875
0.0148,0.49609374999999994
0.014820000000000002,0.51015625
0.01484,0.49609374999999994
0.014860000000000002,0.5101562500000001
0.01488,0.50078125
0.014900000000000002,0.50546875
0.014920000000000001,0.5054687500000001
0.014940000000000002,0.50078125
0.014960000000000001,0.5054687499999999
0.014980000000000002,0.5007812500000001
0.015000000000000001,0.5078125000000001
0.01502,0.4984374999999999
0.015040000000000001,0.50078125
0.01506,0.5054687499999999
0.015080000000000001,0.5078125000000001
0.0151,0.4984375
0.015120000000000001,0.50546875
0.01514,0.5007812500000001
0.015160000000000002,0.5078125
0.01518,0.4984374999999999
0.015200000000000002,0.5078125
0.015220000000000001,0.4984375
0.015240000000000002,0.5078125
0.015260000000000001,0.4984375
0.015280000000000002,0.5101562500000001
0.015300000000000001,0.49609374999999994
0.015320000000000002,0.5101562500000001
0.015340000000000001,0.49609375
0.015360000000000002,0.5078125
0.015380000000000001,0.4984374999999999
0.0154,0.50546875
0.015420000000000001,0.5007812500000001
0.01544,0.5101562500000001
0.015460000000000002,0.49609374999999994
0.01548,0.5078125000000001
0.015500000000000002,0.49921874999999993
0.01552,0.5125000000000001
0.015540000000000002,0.49374999999999997
0.015560000000000001,0.51015625
0.015580000000000002,0.496875
0.015600000000000001,0.5078125
0.015620000000000002,0.49921875
0.01564,0.5125000000000001
0.01566,0.49374999999999997
0.015680000000000003,0.5101562500000001
0.015700000000000002,0.49609375
0.01572,0.5078125
0.01574,0.49999999999999994
0.01576,0.5101562500000001
0.015780000000000002,0.49687499999999996
0.0158,0.5054687499999999
0.01582,0.503125
0.01584,0.5125000000000001
0.015860000000000003,0.49374999999999997
0.015880000000000002,0.5078125000000001
0.0159,0.5
0.01592,0.5101562500000001
0.015940000000000003,0.49687499999999996
0.015960000000000002,0.5078125
0.01598,0.5
0.016,0.5109375
0.016020000000000003,0.496875
0.016040000000000002,0.51328125
0.01606,0.49374999999999997
0.01608,0.50859375
0.0161,0.49921875000000004
0.016120000000000002,0.51171875
0.01614,0.496875
0.01616,0.503125
0.01618,0.5062500000000001
0.016200000000000003,0.5054687499999999
0.016220000000000002,0.503125
0.01624,0.5109375
0.01626,0.49687499999999996
0.016280000000000003,0.503125
0.016300000000000002,0.5062500000000001
0.01632,0.5015625
0.01634,0.509375
0.016360000000000003,0.51015625
0.016380000000000002,0.5
0.0164,0.50390625
0.01642,0.5054687499999999
0.01644,0.5078125
0.016460000000000002,0.5015625
0.01648,0.50234375
0.0165,0.509375
0.01652,0.50390625
0.016540000000000003,0.50546875
0.016560000000000002,0.49921875
0.01658,0.5125
0.0166,0.5078125
0.016620000000000003,0.5031249999999999
0.016640000000000002,0.5015625
0.01666,0.50859375
0.01668,0.50234375
0.016700000000000003,0.5085937500000001
0.016720000000000002,0.5015625
0.01674,0.509375
0.01676,0.4984375
0.01678,0.51171875
0.016800000000000002,0.49921875000000004
0.01682,0.5125
0.01684,0.49687499999999996
0.01686,0.515625
0.016880000000000003,0.503125
0.016900000000000002,0.509375
0.01692,0.5031249999999999
0.01694,0.509375
0.016960000000000003,0.49921875
0.016980000000000002,0.5125000000000001
0.017,0.49453125
0.01702,0.51796875
0.017040000000000003,0.49687499999999996
0.017060000000000002,0.5148437499999999
0.01708,0.49765625
0.0171,0.515625
0.01712,0.5031249999999999
0.017140000000000002,0.50859375
0.01716,0.5
0.01718,0.5125000000000001
0.0172,0.49921875000000004
0.017220000000000003,0.5125
0.017240000000000002,0.49765624999999997
0.01726,0.515625
0.01728,0.50390625
0.017300000000000003,0.5093749999999999
0.017320000000000002,0.49453125
0.01734,0.51796875
0.01736,0.5070312499999999
0.017380000000000003,0.5062500000000001
0.017400000000000002,0.49765624999999997
0.01742,0.515625
0.01744,0.49765625
0.01746,0.515625
0.017480000000000002,0.4984375
0.0175,0.515625
0.01752,0.49921875
0.01754,0.5156249999999999
0.017560000000000003,0.5015625
0.017580000000000002,0.5125
0.0176,0.50078125
0.01762,0.5125000000000001
0.017640000000000003,0.49609374999999994
0.017660000000000002,0.5187499999999999
0.01768,0.5
0.0177,0.5125
0.017720000000000003,0.50078125
0.017740000000000002,0.5125
0.01776,0.49453125
0.01778,0.5187499999999999
0.0178,0.5046875
0.017820000000000003,0.509375
0.01784,0.49765625
0.01786,0.515625
0.01788,0.5
0.017900000000000003,0.5125
0.017920000000000002,0.50078125
0.01794,0.5117187500000001
0.01796,0.5046875000000001
0.017980000000000003,0.509375
0.018000000000000002,0.5007812500000001
0.01802,0.5125
0.01804,0.5007812500000001
0.018060000000000003,0.5125
0.018080000000000002,0.5015625
0.0181,0.5125000000000001
0.01812,0.50078125
0.01814,0.5125000000000001
0.018160000000000003,0.49609374999999994
0.01818,0.5187499999999999
0.0182,0.49921874999999993
0.01822,0.5156249999999999
0.018240000000000003,0.5015625
0.018260000000000002,0.509375
0.01828,0.49765625
0.0183,0.515625
0.018320000000000003,0.5085937500000001
0.018340000000000002,0.503125
0.01836,0.49374999999999997
0.01838,0.5187499999999999
0.018400000000000003,0.49921874999999993
0.018420000000000002,0.5125
0.01844,0.49453125
0.01846,0.5187499999999999
0.01848,0.5007812500000001
0.018500000000000003,0.5125
0.018520000000000002,0.49921875
0.01854,0.515625
0.01856,0.50546875
0.018580000000000003,0.50625
0.018600000000000002,0.5031249999999999
0.01862,0.509375
0.01864,0.5031249999999999
0.018660000000000003,0.5101562500000001
0.018680000000000002,0.50625
0.0187,0.50625
0.01872,0.503125
0.018740000000000003,0.509375
0.018760000000000002,0.5023437500000001
0.01878,0.509375
0.0188,0.49687499999999996
0.01882,0.51484375
0.018840000000000003,0.50546875
0.018860000000000002,0.5062500000000001
0.01888,0.50625
0.0189,0.50625
0.018920000000000003,0.49921875000000004
0.018940000000000002,0.5125
0.01896,0.503125
0.01898,0.50859375
0.019000000000000003,0.5171875
0.019020000000000002,-0.52734375
0.01904,-0.5
0.01906,-0.5187499999999999
0.019080000000000003,-0.5093749999999999
0.019100000000000002,-0.509375
0.01912,-0.51171875
0.01914,-0.50703125
0.01916,-0.5187499999999999
0.019180000000000003,-0.5
0.019200000000000002,-0.5187499999999999
0.01922,-0.5
0.01924,-0.5140625
0.019260000000000003,-0.5046875
0.019280000000000002,-0.5187499999999999
0.0193,-0.5
0.01932,-0.51640625
0.019340000000000003,-0.50234375
0.019360000000000002,-0.51640625
0.01938,-0.50234375
0.0194,-0.5187499999999999
0.019420000000000003,-0.5
0.019440000000000002,-0.5187499999999999
0.01946,-0.5
0.01948,-0.51640625
0.0195,-0.50234375
0.019520000000000003,-0.5187499999999999
0.019540000000000002,-0.5
0.01956,-0.5187499999999999
0.01958,-0.5
0.019600000000000003,-0.51640625
0.019620000000000002,-0.50234375
0.01964,-0.5187499999999999
0.01966,-0.5
0.019680000000000003,-0.5187499999999999
0.019700000000000002,-0.5
0.01972,-0.51953125
0.01974,-0.5
0.019760000000000003,-0.51640625
0.019780000000000002,-0.50234375
0.0198,-0.5140625
0.01982,-0.5046875
0.01984,-0.51640625
0.019860000000000003,-0.50234375
0.019880000000000002,-0.51640625
0.0199,-0.50234375
0.01992,-0.51640625
0.019940000000000003,-0.50234375
0.019960000000000002,-0.5140625
0.01998,-0.50546875
0.02,-0.5140625
0.020020000000000003,-0.50546875
0.020040000000000002,-0.51640625
0.02006,-0.50234375
0.02008,-0.51640625
0.020100000000000003,-0.50234375
0.020120000000000002,-0.5140625
0.02014,-0.50625
0.02016,-0.5140625
0.02018,-0.50546875
0.020200000000000003,-0.51171875
0.020220000000000002,-0.50859375
0.02024,-0.5140625
0.02026,-0.5062500000000001
0.020280000000000003,-0.51640625
0.020300000000000002,-0.50390625
0.02032,-0.5125000000000001
0.02034,-0.5078125
0.020360000000000003,-0.51328125
0.020380000000000002,-0.509375
0.0204,-0.51328125
0.02042,-0.51171875
0.020440000000000003,-0.5062500000000001
0.020460000000000002,-0.5171875
0.02048,-0.5078124999999999
0.0205,-0.51953125
0.02052,-0.51015625
0.020540000000000003,-0.51796875
0.020560000000000002,-0.50703125
0.02058,-0.521875
0.0206,-0.5101562500000001
0.020620000000000003,-0.515625
0.020640000000000002,-0.50703125
0.02066,-0.5203125
0.02068,-0.50625
0.020700000000000003,-0.52265625
0.020720000000000002,-0.51171875
0.02074,-0.51484375
0.02076,-0.50546875
0.020780000000000003,-0.525
0.020800000000000003,-0.5109374999999999
0.02082,-0.5171875
0.02084,-0.5085937500000001
0.02086,-0.5226562499999999
0.020880000000000003,-0.5046875000000001
0.020900000000000002,-0.525
0.02092,-0.50625
0.02094,-0.525
0.020960000000000003,-0.5078125
0.020980000000000002,-0.52265625
0.021,-0.50625
0.02102,-0.525
0.021040000000000003,-0.50625
0.021060000000000002,-0.525
0.02108,-0.50625
0.0211,-0.525
0.021120000000000003,-0.5078125
0.021140000000000003,-0.521875
0.02116,-0.50625
0.02118,-0.525
0.0212,-0.50859375
0.021220000000000003,-0.52265625
0.021240000000000002,-0.5046875
0.02126,-0.525
0.02128,-0.50625
0.021300000000000003,-0.525
0.021320000000000002,-0.51328125
0.02134,-0.51796875
0.02136,-0.5085937500000001
0.021380000000000003,-0.5226562499999999
0.021400000000000002,-0.50625
0.02142,-0.525
0.02144,-0.50625
0.021460000000000003,-0.525
0.021480000000000003,-0.5085937500000001
0.021500000000000002,-0.5226562499999999
0.02152,-0.50625
0.02154,-0.525
0.021560000000000003,-0.50625
0.021580000000000002,-0.525
0.0216,-0.5109375
0.02162,-0.5203125
0.021640000000000003,-0.50625
0.021660000000000002,-0.525
0.02168,-0.5085937500000001
0.0217,-0.5226562499999999
0.021720000000000003,-0.5109374999999999
0.021740000000000002,-0.5203125000000001
0.02176,-0.51015625
0.02178,-0.5203125
0.021800000000000003,-0.50859375
0.021820000000000003,-0.52265625
0.021840000000000002,-0.51328125
0.02186,-0.51796875
0.02188,-0.515625
0.021900000000000003,-0.515625
0.021920000000000002,-0.5109375
0.02194,-0.5203125
0.02196,-0.50859375
0.021980000000000003,-0.52265625
0.022000000000000002,-0.5109375
0.02202,-0.5203125
0.02204,-0.515625
0.022060000000000003,-0.515625
0.022080000000000002,-0.5109374999999999
0.0221,-0.5203125000000001
0.02212,-0.5109375
0.022140000000000003,-0.5203125
0.022160000000000003,-0.515625
0.022180000000000002,-0.515625
0.0222,-0.50625
0.02222,-0.525
0.022240000000000003,-0.5109375
0.022260000000000002,-0.5203125
0.02228,-0.5109375
0.0223,-0.5203125
0.022320000000000003,-0.5109374999999999
0.022340000000000002,-0.5203125000000001
0.02236,-0.5109375
0.02238,-0.5203125
0.022400000000000003,-0.5109375
0.022420000000000002,-0.5203125
0.02244,-0.5109375
0.02246,-0.5203125
0.022480000000000003,-0.50859375
0.022500000000000003,-0.52265625
0.022520000000000002,-0.51328125
0.02254,-0.51796875
0.02256,-0.515625
0.022580000000000003,-0.515625
0.022600000000000002,-0.51328125
0.02262,-0.51796875
0.02264,-0.51328125
0.022660000000000003,-0.51796875
0.022680000000000002,-0.515625
0.0227,-0.515625
0.02272,-0.51796875
0.022740000000000003,-0.51328125
0.022760000000000002,-0.51328125
0.02278,-0.51796875
0.0228,-0.51328125
0.022820000000000003,-0.51796875
0.022840000000000003,-0.5109375
0.022860000000000002,-0.5203125
0.02288,-0.51328125
0.0229,-0.51796875
0.022920000000000003,-0.5109374999999999
0.022940000000000002,-0.5203125000000001
0.02296,-0.5203125000000001
0.02298,-0.5109374999999999
0.023000000000000003,-0.51328125
0.023020000000000002,-0.51796875
0.02304,-0.50859375
0.02306,-0.52265625
0.023080000000000003,-0.515625
0.023100000000000002,-0.515625
0.02312,-0.51328125
0.02314,-0.51796875
0.023160000000000004,-0.515625
0.023180000000000003,-0.515625
0.023200000000000002,-0.515625
0.02322,-0.515625
0.02324,-0.51328125
0.023260000000000003,-0.51796875
0.023280000000000002,-0.51328125
0.0233,-0.51796875
0.02332,-0.51328125
0.023340000000000003,-0.51796875
0.023360000000000002,-0.515625
0.02338,-0.515625
0.0234,-0.5085937500000001
0.023420000000000003,-0.5226562499999999
0.023440000000000003,-0.5109375
0.02346,-0.5203125
0.02348,-0.5085937500000001
0.023500000000000004,-0.5226562499999999
0.023520000000000003,-0.50859375
0.023540000000000002,-0.52265625
0.02356,-0.51796875
0.02358,-0.51328125
0.023600000000000003,-0.50859375
0.023620000000000002,-0.52265625
0.02364,-0.5085937500000001
0.02366,-0.5226562499999999
0.023680000000000003,-0.50625
0.023700000000000002,-0.525
0.02372,-0.5109375
0.02374,-0.5203125
0.023760000000000003,-0.5109375
0.023780000000000003,-0.5203125
0.0238,-0.5109375
0.02382,-0.5203125
0.023840000000000004,-0.50625
0.023860000000000003,-0.525
0.023880000000000002,-0.5109375
0.0239,-0.5203125
0.02392,-0.50625
0.023940000000000003,-0.525
0.023960000000000002,-0.50625
0.02398,-0.525
0.024,-0.525
0.024020000000000003,0.51953125
0.024040000000000002,0.4921875
0.02406,0.50625
0.02408,0.49218749999999994
0.024100000000000003,0.5125000000000001
0.024120000000000003,0.4976562499999999
0.02414,0.50625
0.02416,0.4953125
0.024180000000000004,0.509375
0.024200000000000003,0.49296874999999996
0.024220000000000002,0.5125000000000001
0.02424,0.49374999999999997
0.02426,0.5125000000000001
0.024280000000000003,0.49374999999999997
0.024300000000000002,0.5125000000000001
0.02432,0.49218749999999994
0.02434,0.5125000000000001
0.024360000000000003,0.49609374999999994
0.024380000000000002,0.509375
0.0244,0.49374999999999997
0.02442,0.5125000000000001
0.024440000000000003,0.4953125
0.024460000000000003,0.5101562500000001
0.024480000000000002,0.49374999999999997
0.0245,0.5125000000000001
0.024520000000000004,0.49296874999999996
0.024540000000000003,0.5125000000000001
0.024560000000000002,0.49374999999999997
0.02458,0.5125000000000001
0.0246,0.49609374999999994
0.024620000000000003,0.5101562500000001
0.024640000000000002,0.4984375
0.02466,0.5078125000000001
0.02468,0.50078125
0.024700000000000003,0.50546875
0.024720000000000002,0.49843750000000003
0.02474,0.5078125
0.02476,0.49765625
0.024780000000000003,0.5078125000000001
0.024800000000000003,0.503125
0.024820000000000002,0.503125
0.02484,0.4984375
0.024860000000000004,0.5078125
0.024880000000000003,0.5054687499999999
0.024900000000000002,0.50078125
0.02492,0.50546875
0.02494,0.5007812500000001
0.024960000000000003,0.5007812500000001
0.024980000000000002,0.50546875
0.025,0.5078125
0.02502,0.49843750000000003
0.025040000000000003,0.4984375
0.025060000000000002,0.5078125
0.02508,0.51015625
0.0251,0.49609374999999994
0.025120000000000003,0.50546875
0.025140000000000003,0.50078125
0.025160000000000002,0.5101562500000001
0.02518,0.49609374999999994
0.025200000000000004,0.5125000000000001
0.025220000000000003,0.49374999999999997
0.025240000000000002,0.5101562500000001
0.02526,0.49609374999999994
0.02528,0.5101562500000001
0.025300000000000003,0.49609374999999994
0.025320000000000002,0.5125000000000001
0.02534,0.49374999999999997
0.02536,0.5101562500000001
0.025380000000000003,0.49609374999999994
0.025400000000000002,0.5101562500000001
0.02542,0.49687499999999996
0.02544,0.5125000000000001
0.025460000000000003,0.49374999999999997
0.025480000000000003,0.5125000000000001
0.025500000000000002,0.49374999999999997
0.02552,0.5125000000000001
0.025540000000000004,0.49374999999999997
0.025560000000000003,0.5078125000000001
0.025580000000000002,0.49921874999999993
0.0256,0.5101562500000001
0.02562,0.49687499999999996
0.025640000000000003,0.51015625
0.025660000000000002,0.496875
0.02568,0.5125000000000001
0.0257,0.49374999999999997
0.025720000000000003,0.5125000000000001
0.025740000000000002,0.49374999999999997
0.02576,0.5078125000000001
0.02578,0.5
0.025800000000000003,0.5101562500000001
0.025820000000000003,0.49687499999999996
0.025840000000000002,0.5109375
0.02586,0.49687499999999996
0.025880000000000004,0.5117187500000001
0.025900000000000003,0.49687499999999996
0.025920000000000002,0.5078125
0.02594,0.49921874999999993
0.02596,0.5101562500000001
0.025980000000000003,0.49609374999999994
0.026000000000000002,0.51171875
0.02602,0.49687499999999996
0.02604,0.5062500000000001
0.026060000000000003,0.503125
0.026080000000000002,0.50859375
0.0261,0.49999999999999994
0.02612,0.5078125
0.026140000000000004,0.5
0.026160000000000003,0.5062500000000001
0.026180000000000002,0.503125
0.0262,0.5085937500000001
0.026220000000000004,0.49999999999999994
0.026240000000000003,0.5109375
0.026260000000000002,0.49687499999999996
0.02628,0.49921874999999993
0.0263,0.51171875
0.026320000000000003,0.5015625
0.026340000000000002,0.5093749999999999
0.02636,0.5125000000000001
0.02638,0.49687499999999996
0.026400000000000003,0.50703125
0.026420000000000003,0.503125
0.02644,0.5046875
0.02646,0.5054687499999999
0.026480000000000004,0.509375
0.026500000000000003,0.49921875000000004
0.026520000000000002,0.50234375
0.02654,0.5078125
0.026560000000000004,0.5101562500000001
0.026580000000000003,0.5
0.026600000000000002,0.50234375
0.02662,0.509375
0.02664,0.5015625
0.026660000000000003,0.5085937500000001
0.026680000000000002,0.5007812500000001
0.0267,0.509375
0.02672,0.5078125
0.026740000000000003,0.50234375
0.026760000000000003,0.50234375
0.02678,0.509375
0.0268,0.5015625
0.026820000000000004,0.509375
0.026840000000000003,0.49921875
0.026860000000000002,0.5125
0.02688,0.5070312499999999
0.026900000000000004,0.50625
0.026920000000000003,0.50234375
0.026940000000000002,0.50859375
0.02696,0.5
0.02698,0.5125000000000001
0.027000000000000003,0.5085937500000001
0.027020000000000002,0.5031249999999999
0.02704,0.5015625
0.02706,0.5117187500000001
0.027080000000000003,0.49765625
0.027100000000000003,0.51484375
0.027120000000000002,0.49687499999999996
0.02714,0.515625
0.027160000000000004,0.49609375
0.027180000000000003,0.51640625
0.027200000000000002,0.4984375
0.02722,0.5125
0.027240000000000004,0.5
0.027260000000000003,0.5125
0.027280000000000002,0.5125000000000001
0.0273,0.49999999999999994
0.02732,0.50703125
0.027340000000000003,0.50546875
0.027360000000000002,0.503125
0.02738,0.50859375
0.0274,0.49687499999999996
0.027420000000000003,0.51484375
0.027440000000000003,0.50703125
0.027460000000000002,0.5054687500000001
0.02748,0.5
0.027500000000000004,0.5125
0.027520000000000003,0.496875
0.027540000000000002,0.51484375
0.02756,0.49765624999999997
0.027580000000000004,0.515625
0.027600000000000003,0.49921875
0.027620000000000002,0.5125
0.02764,0.4984375
0.02766,0.515625
0.027680000000000003,0.49921875
0.027700000000000002,0.5156249999999999
0.02772,0.49999999999999994
0.02774,0.5125000000000001
0.027760000000000003,0.503125
0.027780000000000003,0.509375
0.027800000000000002,0.50703125
0.02782,0.50625
0.027840000000000004,0.5007812500000001
0.027860000000000003,0.5125
0.027880000000000002,0.4984375
0.0279,0.5125
0.027920000000000004,0.50390625
0.027940000000000003,0.5093749999999999
0.027960000000000002,0.50078125
0.02798,0.5125
0.028,0
